gffid	start	end	width	strand	motif_id	motif_alt_id	score	pvalue	qvalue	matched_sequence	genebiotype	entrezid	geneName	log2FoldChange	padj	upORdown	product	KEGGpathway	UNIPROTKB	GO
gene429	482	492	11	+	chinmo	NA	10.8475	8e-5	NA	GATGCAATGAC	protein_coding	410071	LOC410071	1,005165459583	0,00703973607650594	Upregulated	glycerol-3-phosphate phosphatase	ame00630 Glyoxylate and dicarboxylate metabolism; ame01100 Metabolic pathways; ame01200 Carbon metabolism	A0A087ZPT8	phosphatase activity [GO:0016791]
gene519	771	781	11	+	chinmo	NA	10.9661	7.44e-5	NA	GGTGCACTCTG	protein_coding	726646	LOC726646	1,17548335206792	2,39437963039001e-05	Upregulated	probable cytochrome P450 6a13	Undefined	Undefined	Undefined
gene815	783	793	11	-	chinmo	NA	11.0678	7.04e-5	NA	GATGCAATTAC	protein_coding	409109	LOC409109	-2,10731400272457	0,0026048062570452	DownRegulated	mycosubtilin synthase subunit C	Undefined	A0A088A558	catalytic activity [GO:0003824]
gene1205	267	277	11	+	chinmo	NA	13.6441	1.32e-5	NA	GATGCACACGC	protein_coding	413575	LOC413575	-1,23462999283631	0,000503429417521868	DownRegulated	facilitated trehalose transporter Tret1	Undefined	A0A088ABY6	integral component of membrane [GO:0016021]; transmembrane transporter activity [GO:0022857]
gene1286	715	725	11	+	chinmo	NA	16	1.32e-6	NA	GATGCAGCCCG	protein_coding	408570	LOC408570	1,88333577701821	0,00165016459910445	Upregulated	uncharacterized LOC408570	Undefined	A0A088AJA3	integral component of membrane [GO:0016021]
gene1327	20	30	11	+	chinmo	NA	11.2034	6.39e-5	NA	AATGCATCCGA	protein_coding	725273	LOC725273	-2,24580706711119	0,00290471405842972	DownRegulated	uncharacterized LOC725273	Undefined	A0A088ACU2	Undefined
gene1684	883	893	11	+	chinmo	NA	13.0847	1.9e-5	NA	GATGCACGTGC	protein_coding	724275	LOC724275	6,79532159241952	9,78678509090213e-18	Upregulated	uncharacterized LOC724275	Undefined	A0A087ZX18	Undefined
gene1684	950	960	11	-	chinmo	NA	11.4237	5.54e-5	NA	GATGCACGGTC	protein_coding	724275	LOC724275	6,79532159241952	9,78678509090213e-18	Upregulated	uncharacterized LOC724275	Undefined	A0A087ZX18	Undefined
gene2101	49	59	11	+	chinmo	NA	11.1695	6.5e-5	NA	AATGCATCTAG	lncRNA	102653599	LOC102653599	-1,28575618241317	0,000628203902397568	DownRegulated	uncharacterized LOC102653599	Undefined	Undefined	Undefined
gene2132	269	279	11	+	chinmo	NA	16.9661	5.42e-7	NA	GATGCACCGAG	protein_coding	552101	LOC552101	1,98372234847422	0,00890204288219374	Upregulated	uncharacterized LOC552101	Undefined	Undefined	Undefined
gene2215	411	421	11	-	chinmo	NA	10.7288	8.45e-5	NA	AATGCAACTCT	protein_coding	408666	LOC408666	1,72374347627103	2,62012198298156e-07	Upregulated	uncharacterized LOC408666	Undefined	A0A088AUL3	membrane [GO:0016020]; growth factor activity [GO:0008083]
gene2504	928	938	11	-	chinmo	NA	11.4746	5.42e-5	NA	GCTGCATCGGG	protein_coding	727546	LOC727546	2,62927437933356	3,39192230114876e-05	Upregulated	uncharacterized LOC727546	Undefined	Undefined	Undefined
gene2504	931	941	11	+	chinmo	NA	15.3559	3.25e-6	NA	GATGCAGCCCC	protein_coding	727546	LOC727546	2,62927437933356	3,39192230114876e-05	Upregulated	uncharacterized LOC727546	Undefined	Undefined	Undefined
gene2795	671	681	11	-	chinmo	NA	11.7797	4.47e-5	NA	AATGCAGTTGC	protein_coding	409865	LOC409865	-1,5274206339137	0,00293017501994137	DownRegulated	protein retinal degeneration B	Undefined	A0A088AVI9	metal ion binding [GO:0046872]; phospholipid transporter activity [GO:0005548]
gene2795	900	910	11	-	chinmo	NA	15.5424	2.66e-6	NA	GATGCACTTCT	protein_coding	409865	LOC409865	-1,5274206339137	0,00293017501994137	DownRegulated	protein retinal degeneration B	Undefined	A0A088AVI9	metal ion binding [GO:0046872]; phospholipid transporter activity [GO:0005548]
gene2834	72	82	11	-	chinmo	NA	13.2542	1.72e-5	NA	GATGCGCCGCG	protein_coding	551170	LOC551170	-1,73158673679242	0,00100085340447001	DownRegulated	dumpy	Undefined	Undefined	Undefined
gene3032	548	558	11	-	chinmo	NA	17.1017	4.49e-7	NA	GATGCACTTCC	protein_coding	410926	LOC410926	1,98627808343804	2,33527552284582e-05	Upregulated	PH domain leucine-rich repeat-containing protein phosphatase 2	Undefined	Undefined	Undefined
gene3299	729	739	11	+	chinmo	NA	12.2373	3.33e-5	NA	AATGCAGCTAG	protein_coding	413936	LOC413936	-1,70749510927636	0,00156711673959828	DownRegulated	uncharacterized LOC413936	Undefined	Undefined	Undefined
gene3628	393	403	11	-	chinmo	NA	12.0847	3.66e-5	NA	GATGCATCGAC	protein_coding	102654975	LOC102654975	4,80779871888074	7,8384484518027e-29	Upregulated	zinc finger protein 628-like	Undefined	Undefined	Undefined
gene3628	396	406	11	+	chinmo	NA	12.5254	2.78e-5	NA	GATGCATCTCT	protein_coding	102654975	LOC102654975	4,80779871888074	7,8384484518027e-29	Upregulated	zinc finger protein 628-like	Undefined	Undefined	Undefined
gene3653	72	82	11	+	chinmo	NA	12.0678	3.7e-5	NA	AATGCAACGCC	protein_coding	725547	LOC725547	-4,34272348955072	0,00948560293621313	DownRegulated	extensin	Undefined	Undefined	Undefined
gene3674	582	592	11	-	chinmo	NA	15.1356	4.14e-6	NA	CATGCACCTCG	protein_coding	411023	LOC411023	2,57035324528209	0,00556220227188378	Upregulated	cadherin-23	Undefined	A0A087ZQF0	integral component of membrane [GO:0016021]; plasma membrane [GO:0005886]; calcium ion binding [GO:0005509]; homophilic cell adhesion via plasma membrane adhesion molecules [GO:0007156]
gene3997	934	944	11	+	chinmo	NA	12.5763	2.72e-5	NA	AATGCACTTTA	miRNA	100629078	Mir3759	2,28444667242997	5,75535336409688e-09	Upregulated	microRNA 3759	Undefined	Undefined	Undefined
gene4199	73	83	11	+	chinmo	NA	11.0339	7.14e-5	NA	CCTGCACTGCG	protein_coding	408830	LOC408830	-1,89755540671335	0,000242951552677163	DownRegulated	obscurin	Undefined	A0A088A5W9	ATP binding [GO:0005524]; protein kinase activity [GO:0004672]; Rho guanyl-nucleotide exchange factor activity [GO:0005089]; regulation of Rho protein signal transduction [GO:0035023]
gene4388	543	553	11	+	chinmo	NA	11.8814	4.23e-5	NA	GATGCAATCTG	protein_coding	552523	LOC552523	-1,36101572469363	0,0081812357146073	DownRegulated	L-threonine ammonia-lyase	ame00260 Glycine, serine and threonine metabolism; ame00290 Valine, leucine and isoleucine biosynthesis; ame01100 Metabolic pathways; ame01200 Carbon metabolism; ame01230 Biosynthesis of amino acids	A0A088A0I6	Undefined
gene4409	88	98	11	+	chinmo	NA	10.8475	8e-5	NA	GATGCATCAGA	protein_coding	100577237	LOC100577237	2,83810579010574	4,18471220490909e-08	Upregulated	ankyrin repeat and ELMO domain-containing protein D	Undefined	A0A088A0H3	integral component of membrane [GO:0016021]
gene5394	270	280	11	-	chinmo	NA	12.4576	2.92e-5	NA	GATGCACAGAG	protein_coding	408874	LOC408874	2,4358315079431	3,51608987044509e-23	Upregulated	uncharacterized LOC408874	Undefined	Undefined	Undefined
gene5864	323	333	11	+	chinmo	NA	11.678	4.86e-5	NA	GATGCACGGCT	lncRNA	102656658	LOC102656658	4,74652507520733	0,000553050918659664	Upregulated	uncharacterized LOC102656658	Undefined	Undefined	Undefined
gene6467	473	483	11	-	chinmo	NA	11.0339	7.14e-5	NA	GATGCAATTTC	protein_coding	725967	LOC725967	3,78530275618924	3,80571459467494e-22	Upregulated	D-3-phosphoglycerate dehydrogenase	ame00260 Glycine, serine and threonine metabolism; ame00270 Cysteine and methionine metabolism; ame01100 Metabolic pathways; ame01200 Carbon metabolism; ame01230 Biosynthesis of amino acids	A0A087ZP36	NAD binding [GO:0051287]; oxidoreductase activity, acting on the CH-OH group of donors, NAD or NADP as acceptor [GO:0016616]
gene6543	382	392	11	-	chinmo	NA	15.2373	3.74e-6	NA	AATGCACCTGA	protein_coding	413620	LOC413620	-1,12678724227847	0,00467621444170226	DownRegulated	uncharacterized LOC413620	Undefined	A0A087ZNN9	Undefined
gene7416	223	233	11	+	chinmo	NA	14.5932	5.88e-6	NA	GATGCACTCAA	protein_coding	724583	LOC724583	-1,37653903775035	0,00770756239945566	DownRegulated	uncharacterized LOC724583	Undefined	A0A087ZV14	integral component of membrane [GO:0016021]
gene7566	611	621	11	-	chinmo	NA	13.2712	1.72e-5	NA	CATGCACTTCC	protein_coding	724616	LOC724616	-5,41520614631052	0,00980750010009477	DownRegulated	neprilysin-1	Undefined	A0A087ZVK7	integral component of membrane [GO:0016021]; metalloendopeptidase activity [GO:0004222]
gene8081	583	593	11	-	chinmo	NA	11.5932	5.02e-5	NA	ATTGCACCCGG	protein_coding	410231	LOC410231	-2,06558668817941	0,00667505780835063	DownRegulated	toll-like receptor Tollo	Undefined	A0A088AAH6	integral component of membrane [GO:0016021]; signal transduction [GO:0007165]
gene8520	155	165	11	-	chinmo	NA	18.7458	2.45e-8	NA	GATGCACCGCG	protein_coding	410288	LOC410288	1,80603742653223	1,80362767943204e-07	Upregulated	phytanoyl-CoA dioxygenase	Undefined	A0A088A5Q3	Undefined
gene9085	285	295	11	-	chinmo	NA	13.322	1.67e-5	NA	GTTGCACCGCG	protein_coding	552447	LOC552447	-1,53904882697364	1,44588572631532e-10	DownRegulated	clavesin-2	Undefined	A0A088A1P2	Undefined
gene9506	560	570	11	-	chinmo	NA	15.3729	3.21e-6	NA	GATGCACTCGT	protein_coding	410278	LOC410278	1,13234284069166	0,00124130631182243	Upregulated	putative inorganic phosphate cotransporter	Undefined	A0A087ZWI3	integral component of membrane [GO:0016021]; transmembrane transport [GO:0055085]
gene9594	612	622	11	-	chinmo	NA	10.4068	9.94e-5	NA	CATGCACTACA	protein_coding	409539	LOC409539	-1,75495040714245	0,00211893342630139	DownRegulated	microtubule-associated protein 2	Undefined	Undefined	Undefined
gene10032	148	158	11	+	chinmo	NA	11.9831	3.88e-5	NA	AATGCAGTCGC	protein_coding	726204	LOC726204	1,15114087472647	0,00169123408966118	Upregulated	transcription factor cwo	Undefined	A0A088AKE9	nucleus [GO:0005634]; DNA binding [GO:0003677]; protein dimerization activity [GO:0046983]; regulation of transcription, DNA-templated [GO:0006355]
gene10146	288	298	11	-	chinmo	NA	12.0678	3.7e-5	NA	TATGCACCTGT	protein_coding	410408	LOC410408	1,42855280314975	0,000151168866083164	Upregulated	conserved ATPase domain protein	ame00240 Pyrimidine metabolism; ame00250 Alanine, aspartate and glutamate metabolism; ame01100 Metabolic pathways	Undefined	Undefined
gene10247	647	657	11	-	chinmo	NA	10.5085	9.55e-5	NA	GATGCAACGAT	protein_coding	408411	LOC408411	2,24697541477429	0,00772250086202093	Upregulated	transcription factor Sox-2	Undefined	Undefined	Undefined
gene10247	699	709	11	-	chinmo	NA	10.5085	9.55e-5	NA	GATGCAACGAT	protein_coding	408411	LOC408411	2,24697541477429	0,00772250086202093	Upregulated	transcription factor Sox-2	Undefined	Undefined	Undefined
gene10247	739	749	11	-	chinmo	NA	10.8814	7.79e-5	NA	GCTGCAGCCTC	protein_coding	408411	LOC408411	2,24697541477429	0,00772250086202093	Upregulated	transcription factor Sox-2	Undefined	Undefined	Undefined
gene10247	742	752	11	+	chinmo	NA	11.5593	5.17e-5	NA	GCTGCAGCCAG	protein_coding	408411	LOC408411	2,24697541477429	0,00772250086202093	Upregulated	transcription factor Sox-2	Undefined	Undefined	Undefined
gene10335	268	278	11	+	chinmo	NA	14.2712	7.6e-6	NA	GATGCAACCCC	protein_coding	726040	LOC726040	2,50940375342299	1,23377981638266e-16	Upregulated	4-coumarate--CoA ligase 1	Undefined	A0A087ZMY1	catalytic activity [GO:0003824]
gene10336	192	202	11	+	chinmo	NA	13.6271	1.33e-5	NA	GCTGCACCGTC	lncRNA	113219215	LOC113219215	2,55334612322128	0,000610360364008548	Upregulated	uncharacterized LOC113219215	Undefined	Undefined	Undefined
gene10464	467	477	11	+	chinmo	NA	11.9153	4.14e-5	NA	GATGCAACGGT	protein_coding	724961	LOC724961	-2,28868374757065	0,00767602701155219	DownRegulated	protein drumstick	Undefined	A0A088AEH9	nucleic acid binding [GO:0003676]
gene10964	943	953	11	-	chinmo	NA	10.9153	7.67e-5	NA	GATGCATCCTT	protein_coding	552592	LOC552592	-1,5097292671841	0,0016496545809536	DownRegulated	facilitated trehalose transporter Tret1	Undefined	A0A088AM86	integral component of membrane [GO:0016021]; transmembrane transporter activity [GO:0022857]
gene10964	946	956	11	+	chinmo	NA	10.5254	9.43e-5	NA	GATGCATCGAT	protein_coding	552592	LOC552592	-1,5097292671841	0,0016496545809536	DownRegulated	facilitated trehalose transporter Tret1	Undefined	A0A088AM86	integral component of membrane [GO:0016021]; transmembrane transporter activity [GO:0022857]
gene11172	774	784	11	-	chinmo	NA	14.6102	5.69e-6	NA	GATGCACCAAC	protein_coding	724865	LOC724865	-1,73437162770189	0,00491020604328719	DownRegulated	ABC transporter G family member 20	Undefined	Undefined	Undefined
gene11335	748	758	11	-	chinmo	NA	15.4915	2.77e-6	NA	GATGCACTCTC	protein_coding	100576341	CPR16	-5,9193474734816	0,000202433689563543	DownRegulated	cuticular protein 16	Undefined	A0A088AMU2	structural constituent of cuticle [GO:0042302]
gene11493	868	878	11	-	chinmo	NA	12.9492	2.05e-5	NA	GATGCATCTAG	protein_coding	410620	LOC410620	3,29028836993932	0,00484725777052445	Upregulated	heat shock protein Hsp70Ab-like	ame03040 Spliceosome; ame04141 Protein processing in endoplasmic reticulum; ame04144 Endocytosis; ame04213 Longevity regulating pathway - multiple species	A0A088AGJ8	ATP binding [GO:0005524]
gene11493	871	881	11	+	chinmo	NA	11.1525	6.56e-5	NA	GATGCATCGAA	protein_coding	410620	LOC410620	3,29028836993932	0,00484725777052445	Upregulated	heat shock protein Hsp70Ab-like	ame03040 Spliceosome; ame04141 Protein processing in endoplasmic reticulum; ame04144 Endocytosis; ame04213 Longevity regulating pathway - multiple species	A0A088AGJ8	ATP binding [GO:0005524]
gene11614	720	730	11	+	chinmo	NA	13.2712	1.72e-5	NA	GATGCAATGCG	protein_coding	100576529	LOC100576529	5,4873135600958	0,00407823675201141	Upregulated	uncharacterized LOC100576529	Undefined	A0A088AF23	Undefined
gene11614	939	949	11	+	chinmo	NA	10.4746	9.75e-5	NA	AATGCAACTTC	protein_coding	100576529	LOC100576529	5,4873135600958	0,00407823675201141	Upregulated	uncharacterized LOC100576529	Undefined	A0A088AF23	Undefined
gene12065	851	861	11	+	chinmo	NA	13.678	1.3e-5	NA	GATGCACCAAA	protein_coding	408557	LOC408557	-1,13204497379615	0,00244539861917993	DownRegulated	thioredoxin domain-containing protein 5 homolog	ame04141 Protein processing in endoplasmic reticulum	A0A088AID6	cell [GO:0005623]; isomerase activity [GO:0016853]; cell redox homeostasis [GO:0045454]
gene12348	638	648	11	-	chinmo	NA	12.8475	2.19e-5	NA	TATGCACCGCA	rRNA	113219378	LOC113219378	1,85284353126247	6,12345397593039e-06	Upregulated	large subunit ribosomal RNA	Undefined	Undefined	Undefined
gene12353	637	647	11	-	chinmo	NA	12.8475	2.19e-5	NA	TATGCACCGCA	rRNA	113219383	LOC113219383	1,75775309553824	1,05991985685168e-05	Upregulated	large subunit ribosomal RNA	Undefined	Undefined	Undefined
